Jennifer,Velez,00987456W,jennifervelez@gmail.com,647956214,1985,39,Traumatologia
Manuel,Sainz,00587623K,manuelsainz@gmail.com,914856218,1975,48,Cardiologia
Laura,Garcia,91628545W,lauragarca@gmailcom,616867384,1987,37,Psicologia
Carlos,Garcia,49975164Z,carlosgarca@gmailcom,645559509,1991,33,Dermatologia
Manuel,Ruiz,55136116L,manuelruiz@gmailcom,629753181,2001,23,Ginecologia
Ana,Ruiz,44001133H,anaruiz@gmailcom,618283876,1969,55,Urologia
Manuel,Garcia,87177673L,manuelgarca@gmailcom,674908408,1977,47,Psicologia
Sofia,Gomez,20644006N,sofagmez@gmailcom,639819488,1993,31,Dermatologia
Sofia,Martinez,43648696W,sofamartnez@gmailcom,627005101,1997,27,Ginecologia
Luis,Ramirez,12713380G,luisramrez@gmailcom,696986698,1986,38,Cardiologia
Luis,Lopez,28290981Q,luislpez@gmailcom,660717169,1964,60,Dermatologia
Carlos,Sainz,47947607H,carlossainz@gmailcom,616011206,1981,43,Neurologia
Carlos,Perez,73901029S,carlosprez@gmailcom,605921544,2003,21,Pediatria
Laura,Gomez,73477719G,lauragmez@gmailcom,656798279,1986,38,Dermatologia
Laura,Hernandez,77848951T,laurahernndez@gmailcom,696257635,1988,36,Pediatria
Luis,Sainz,39163422R,luissainz@gmailcom,637170197,1976,48,Cardiologia
Laura,Velez,72469206W,lauravelez@gmailcom,602967476,1976,48,Ginecologia
Jennifer,Hernandez,15240431F,jenniferhernndez@gmailcom,695508702,1979,45,Pediatria
Sofia,Sainz,13772304M,sofasainz@gmailcom,649803058,1966,58,Oncologia
Ana,Sainz,76696104E,anasainz@gmailcom,608706345,1997,27,Dermatologia
Ana,Ruiz,18209328C,anaruiz@gmailcom,666844880,1994,30,Urologia
Lucia,Perez,60863273Z,lucaprez@gmailcom,626709730,1983,41,Traumatologia
Manuel,Ruiz,27281770X,manuelruiz@gmailcom,668887360,1993,31,Oftalmologia
Ana,Lopez,59482667B,analpez@gmailcom,688558125,1975,49,Psicologia
Ana,Martinez,58637962W,anamartnez@gmailcom,626939259,1973,51,Neurologia
Javier,Gomez,28246375J,javiergmez@gmailcom,681661753,1993,31,Traumatologia
Laura,Perez,87572633Q,lauraprez@gmailcom,697098344,1976,48,Neurologia
Sofia,Ruiz,75337364P,sofaruiz@gmailcom,600533918,2000,24,Neurologia
Laura,Sainz,58614433N,laurasainz@gmailcom,622077466,2000,24,Oncologia
Miguel,Lopez,91593560X,miguellpez@gmailcom,640427431,1983,41,Traumatologia
Sofia,Hernandez,26867389G,sofahernndez@gmailcom,658563373,2004,20,Urologia
Javier,Perez,50546734C,javierprez@gmailcom,617661508,1972,52,Traumatologia
Manuel,Garcia,89874926S,manuelgarca@gmailcom,693986373,1996,28,Urologia
Miguel,Lopez,65036424F,miguellpez@gmailcom,693114684,2002,22,Ginecologia
Carlos,Sainz,70310152Z,carlossainz@gmailcom,655158954,1990,34,Pediatria
Manuel,Ramirez,48499060M,manuelramrez@gmailcom,696610055,1974,50,Urologia
Ana,Ruiz,34411958M,anaruiz@gmailcom,692953534,1975,49,Dermatologia
Javier,Lopez,46152237W,javierlpez@gmailcom,689399361,1966,58,Ginecologia
Lucia,Velez,29354013D,lucavelez@gmailcom,651799987,1968,56,Cardiologia
Lucia,Ramirez,52598329A,lucaramrez@gmailcom,657625915,1967,57,Neurologia
Luis,Ramirez,42455653Z,luisramrez@gmailcom,662552846,1982,42,Dermatologia
Luis,Garcia,13637435F,luisgarca@gmailcom,669963910,1968,56,Cardiologia
Jennifer,Gomez,90500435N,jennifergmez@gmailcom,695367879,1965,59,Pediatria
Jennifer,Perez,25015086X,jenniferprez@gmailcom,660584723,1987,37,Psicologia
Ana,Hernandez,73644799Z,anahernndez@gmailcom,640974264,1970,54,Cardiologia
Sofia,Ramirez,55756934P,sofaramrez@gmailcom,606976060,1984,40,Ginecologia
Sofia,Garcia,57204701F,sofagarca@gmailcom,653773458,1979,45,Ginecologia
Miguel,Ruiz,37525732K,miguelruiz@gmailcom,694091077,1966,58,Dermatologia
Luis,Ruiz,28766884D,luisruiz@gmailcom,617050330,1970,54,Urologia
Luis,Hernandez,48500078Z,luishernndez@gmailcom,679724105,2004,20,Pediatria
Sofia,Martinez,64890167F,sofamartnez@gmailcom,650853974,1993,31,Ginecologia
Jennifer,Lopez,66166696L,jenniferlpez@gmailcom,637447558,1986,38,Cardiologia
Carlos,Martinez,98417607H,carlosmartnez@gmailcom,612367539,1981,43,Ginecologia
Carlos,Sainz,30086276R,carlossainz@gmailcom,614396565,1965,59,Urologia
Manuel,Ruiz,78129834L,manuelruiz@gmailcom,644651584,1968,56,Pediatria
Javier,Perez,81282636V,javierprez@gmailcom,641996909,1966,58,Neurologia
Lucia,Garcia,50818678J,lucagarca@gmailcom,695249845,1974,50,Urologia
Jennifer,Martinez,12976864S,jennifermartnez@gmailcom,642571489,1984,40,Psicologia
Carlos,Lopez,47995199Q,carloslpez@gmailcom,615028042,1978,46,Neurologia
Jennifer,Velez,92267307Z,jennifervelez@gmailcom,601546914,1982,42,Oftalmologia
Carlos,Garcia,95265760B,carlosgarca@gmailcom,601165438,2004,20,Traumatologia
Manuel,Sainz,15002372Y,manuelsainz@gmailcom,676737405,1990,34,Traumatologia
Luis,Gomez,34338302B,luisgmez@gmailcom,687360808,1980,44,Ginecologia
Miguel,Gomez,33170216P,miguelgmez@gmailcom,617300036,1968,56,Psicologia
Ana,Lopez,14719610W,analpez@gmailcom,660993349,1976,48,Oftalmologia
Sofia,Lopez,56695937A,sofalpez@gmailcom,616708564,1970,54,Cardiologia
Javier,Ramirez,94968360X,javierramrez@gmailcom,667820887,1966,58,Ginecologia
Jennifer,Velez,24475100E,jennifervelez@gmailcom,679373417,1976,48,Oncologia
Javier,Gomez,81977465D,javiergmez@gmailcom,636055721,1999,25,Dermatologia
Laura,Gomez,46938798S,lauragmez@gmailcom,684639742,1969,55,Dermatologia
Miguel,Perez,11242315K,miguelprez@gmailcom,676629837,1972,52,Neurologia
Javier,Garcia,89650720G,javiergarca@gmailcom,693506376,1975,49,Neurologia
Lucia,Sainz,86022811M,lucasainz@gmailcom,640234174,1970,54,Cardiologia
Jennifer,Velez,70348928R,jennifervelez@gmailcom,647990821,1967,57,Cardiologia
Jennifer,Ramirez,13102131L,jenniferramrez@gmailcom,677130919,1966,58,Cardiologia
Carlos,Garcia,50298729L,carlosgarca@gmailcom,631774121,1978,46,Ginecologia
Sofia,Garcia,90310682Y,sofagarca@gmailcom,655935401,1992,32,Dermatologia
Carlos,Garcia,12519339G,carlosgarca@gmailcom,691783746,1985,39,Psicologia
Manuel,Velez,50857833A,manuelvelez@gmailcom,624623491,1990,34,Neurologia
Carlos,Sainz,83732372Z,carlossainz@gmailcom,672669786,1987,37,Traumatologia
Javier,Lopez,59051283K,javierlpez@gmailcom,679445577,1970,54,Ginecologia
Miguel,Velez,36577191T,miguelvelez@gmailcom,618416173,1987,37,Ginecologia
Carlos,Sainz,83023522L,carlossainz@gmailcom,617598074,1989,35,Traumatologia
Luis,Perez,73153098A,luisprez@gmailcom,696110413,1968,56,Oftalmologia
Javier,Martinez,17387454N,javiermartnez@gmailcom,635027943,1983,41,Cardiologia
Ana,Ramirez,64737396W,anaramrez@gmailcom,680285782,1984,40,Oftalmologia
Jennifer,Sainz,71669370L,jennifersainz@gmailcom,668377483,1971,53,Pediatria
Ana,Ruiz,86158704B,anaruiz@gmailcom,665821563,1996,28,Ginecologia
Laura,Hernandez,36075131V,laurahernndez@gmailcom,611966023,1978,46,Oncologia
Luis,Ramirez,73303321V,luisramrez@gmailcom,638295686,1968,56,Traumatologia
Jennifer,Hernandez,19371669R,jenniferhernndez@gmailcom,670932399,1982,42,Oncologia
Sofia,Martinez,55970478V,sofamartnez@gmailcom,615161466,1993,31,Neurologia
Ana,Hernandez,55671484M,anahernndez@gmailcom,683883768,1965,59,Cardiologia
Ana,Sainz,14521877C,anasainz@gmailcom,629501564,1996,28,Dermatologia
Javier,Gomez,71281654A,javiergmez@gmailcom,637938325,2004,20,Oncologia
Luis,Ramirez,43692398M,luisramrez@gmailcom,688109289,1969,55,Pediatria
Luis,Lopez,41245928M,luislpez@gmailcom,603935222,2000,24,Psicologia
Lucia,Ramirez,51514551Y,lucaramrez@gmailcom,615698888,1975,49,Oftalmologia
Javier,Hernandez,56078317K,javierhernndez@gmailcom,621347405,1982,42,Neurologia
Lucia,Martinez,78760849K,lucamartnez@gmailcom,681792585,1982,42,Traumatologia
Sofia,Martinez,17319202X,sofamartnez@gmailcom,648554793,1980,44,Oncologia
Miguel,Garcia,37225323R,miguelgarca@gmailcom,614495626,2001,23,Traumatologia
Ana,Ruiz,96124075B,anaruiz@gmailcom,654707422,2003,21,Dermatologia
Sofia,Hernandez,54737425T,sofahernndez@gmailcom,669930536,1967,57,Oncologia
Ana,Ramirez,29640546B,anaramrez@gmailcom,621524821,1983,41,Neurologia
Carlos,Martinez,84497281K,carlosmartnez@gmailcom,696917121,1983,41,Urologia
Luis,Perez,46482170Z,luisprez@gmailcom,694112817,1967,57,Pediatria
Manuel,Ramirez,11130566Z,manuelramrez@gmailcom,664757753,1983,41,Oftalmologia
Sofia,Martinez,36754544V,sofamartnez@gmailcom,629107623,1999,25,Ginecologia
Sofia,Lopez,40252942E,sofalpez@gmailcom,697996316,1980,44,Ginecologia
Lucia,Garcia,74250030W,lucagarca@gmailcom,697973312,1978,46,Neurologia
Jennifer,Sainz,31416185F,jennifersainz@gmailcom,601296627,1967,57,Dermatologia
Carlos,Ruiz,20830604J,carlosruiz@gmailcom,671336786,1984,40,Cardiologia
Laura,Velez,69742421Y,lauravelez@gmailcom,670960916,1996,28,Traumatologia
Miguel,Sainz,63744551E,miguelsainz@gmailcom,662355971,1999,25,Psicologia
Sofia,Velez,96427627Y,sofavelez@gmailcom,683313842,1993,31,Dermatologia
Ana,Sainz,80126676Z,anasainz@gmailcom,672043285,1990,34,Urologia
Sofia,Ruiz,48323322H,sofaruiz@gmailcom,625198270,2001,23,Cardiologia
Carlos,Hernandez,94141482L,carloshernndez@gmailcom,698553257,1996,28,Cardiologia
Sofia,Ruiz,11620092W,sofaruiz@gmailcom,678014526,1986,38,Pediatria
Jennifer,Martinez,24546335H,jennifermartnez@gmailcom,672456438,1964,60,Psicologia
Lucia,Lopez,75241205B,lucalpez@gmailcom,679444753,1985,39,Urologia
Luis,Sainz,13609243X,luissainz@gmailcom,695990534,1993,31,Pediatria
Lucia,Lopez,29302386S,lucalpez@gmailcom,633921425,1984,40,Pediatria
Sofia,Perez,78591279X,sofaprez@gmailcom,698277768,1974,50,Neurologia
Manuel,Velez,80575173H,manuelvelez@gmailcom,623782383,1989,35,Oftalmologia
Luis,Hernandez,79599876F,luishernndez@gmailcom,640690573,1975,49,Oftalmologia
Miguel,Martinez,46199365T,miguelmartnez@gmailcom,654152869,1964,60,Oncologia
Luis,Perez,35703193Y,luisprez@gmailcom,662015305,2001,23,Neurologia
Miguel,Gomez,33595430G,miguelgmez@gmailcom,645194355,1981,43,Oftalmologia
Miguel,Ruiz,44748868J,miguelruiz@gmailcom,633486922,2004,20,Dermatologia
Laura,Ramirez,78525267E,lauraramrez@gmailcom,669677945,1971,53,Oftalmologia
Carlos,Gomez,32694061H,carlosgmez@gmailcom,678955422,1978,46,Traumatologia
Sofia,Martinez,61898700G,sofamartnez@gmailcom,684435997,2002,22,Urologia
Manuel,Ruiz,57234045W,manuelruiz@gmailcom,607053613,1991,33,Pediatria
Ana,Lopez,65685969W,analpez@gmailcom,621072448,1994,30,Dermatologia
Lucia,Martinez,12196614S,lucamartnez@gmailcom,677097978,1982,42,Traumatologia
Manuel,Hernandez,85857589X,manuelhernndez@gmailcom,640934360,1973,51,Neurologia
Sofia,Lopez,96068787B,sofalpez@gmailcom,665701255,1964,60,Cardiologia
Miguel,Hernandez,50683215H,miguelhernndez@gmailcom,605788789,1987,37,Ginecologia
Miguel,Gomez,68781189P,miguelgmez@gmailcom,687090373,1981,43,Cardiologia
Sofia,Velez,69730115N,sofavelez@gmailcom,663662888,1999,25,Oncologia
Jennifer,Ramirez,70328728N,jenniferramrez@gmailcom,630219737,1995,29,Dermatologia
Sofia,Velez,71593573W,sofavelez@gmailcom,653427418,1975,49,Traumatologia
Jennifer,Sainz,27274414T,jennifersainz@gmailcom,664872448,1966,58,Oftalmologia
Laura,Martinez,39798039L,lauramartnez@gmailcom,612300633,2001,23,Cardiologia
Carlos,Hernandez,99986909L,carloshernndez@gmailcom,608047531,1998,26,Dermatologia
Javier,Sainz,63787079A,javiersainz@gmailcom,618798273,2001,23,Pediatria
Sofia,Ramirez,65301427J,sofaramrez@gmailcom,637076818,1971,53,Dermatologia
Miguel,Ramirez,62788253A,miguelramrez@gmailcom,661550396,1975,49,Urologia
